filegroup_id,test_code,test_side,era,working_mode_label,structure_intrusion_score,lower_extremity_score,restraint_kinematics_score,head_neck_chest_score,ri_100,harshness_proxy_z,seat_response_proxy_z
1532,CF09009,driver,2001-2014,,0.42050945994597083,0.5792872907476688,,-0.04150078767662974,,,0.38795194876755473
1533,CF10003,driver,2001-2014,mode_0,-0.07046600265941301,1.7842048555028203,,-0.6850344862730391,0.37137728589937546,-0.42536159976244803,0.2453959976871543
1534,CF10006,driver,2001-2014,,1.0423948278297124,4.425754901312191,,0.9771485898153327,,,0.8878161838272811
1566,CF10001,driver,2001-2014,,0.11788523953462914,1.436632481054219,2.151365421518521,0.47135891105788097,,,0.06459866033907037
1567,CF10002,driver,2001-2014,,1.8436986294934339,0.9732026484560841,,0.7130945197106671,,,-0.3407583855730752
1568,CF10004,driver,2001-2014,,0.15787707139160995,0.2780578995588813,2.8684872286913614,2.180682526110098,,,0.753660432333188
1569,CF10005,driver,2001-2014,,,,,,,,-0.013961045099321622
1573,CF10012,driver,2001-2014,mode_0,1.2976607796885269,3.753781644044895,-0.8964022589660504,3.7921888006486313,0.08099040243613112,1.2603637478260004,-0.11256912297328693
1574,CF10013,driver,2001-2014,mode_0,2.2729871188443753,1.8073763471327269,-1.6135240661388908,2.4136711613132342,0.15601703191208066,-0.15329638862960074,-0.15826146477705982
1597,CF10010,driver,2001-2014,mode_0,1.0405801117714943,0.6024587823775757,-1.0756827107592606,4.407814573791666,0.23307065339236446,0.8397877294006906,0.7263987088690697
1602,CF10018,driver,2001-2014,mode_0,1.4964798004239583,-0.30122939118878755,1.0756827107592606,0.5238989366119473,0.26887399016381863,-0.49931244036104705,0.4344719262901461
1603,CF10020,driver,2001-2014,mode_0,1.1513471027174462,0.6256302740074824,2.330645873311731,0.8110119211506694,0.36446533612825266,0.7747624992529909,0.5394522960036489
1604,CF10021,driver,2001-2014,mode_0,1.0267139038968425,1.8768908220224474,,0.6334517640696985,0.44886734415208396,0.24286356144313268,1.2773407983404714
1605,CF10022,driver,2001-2014,mode_0,2.3117569334192822,0.7878307154168298,,-0.17982402795962682,0.3576525501415564,1.000240096342513,0.9876935495811188
1667,CF10027,driver,2001-2014,mode_0,0.3630272401342036,-0.06951447488972007,0.8964022589660504,0.5106610884204983,0.42104666350115055,-0.4300319020487935,0.5084706183608826
1668,CF10028,driver,2001-2014,mode_0,-0.02694026580638715,-0.18537193303925395,2.151365421518521,0.005087235608893223,0.3961619208878235,-0.1567539191252913,0.3196738541532135
1669,CF11001,driver,2001-2014,mode_0,-0.06365395117467343,-0.556115799117762,-1.6135240661388908,-0.4376037888378307,0.2992847592715961,0.24684047058328956,-0.2002854092535289
1707,CF10029,driver,2001-2014,mode_0,0.2945726308855161,0.04634298325981355,1.342077760282017,1.6190555676727598,0.41956762614823134,-0.4202523909274539,11.618839953472937
1711,CF10023,driver,2001-2014,mode_0,0.7051220073771453,0.7183162405271095,2.689206776898151,1.1742313854711566,0.377168282760607,0.20236311864138765,11.898565673075218
1712,CF10024,driver,2001-2014,mode_0,0.21832672541487827,0.20854342466916098,0.7661799692562788,0.27109341724481534,0.2819670309206352,-0.42118548192655403,0.594330197547916
1713,CF10025,driver,2001-2014,mode_0,1.7697352103676902,3.6379241858953604,,0.5477917588687526,0.3058799786340594,1.3876200789413988,1.5244244409584515
1726,CF11003,driver,2001-2014,mode_0,0.489781224274613,0.4170868493383217,,-0.3089060735315575,0.4017920241606183,-0.4097846246796425,0.4282441881097375
1732,CF11002,driver,2001-2014,mode_0,0.2347766839116271,2.4330066211402093,1.4342436143456807,-0.015021202949325796,0.3995611270610909,1.0888311316351298,0.6758598846581528
1735,CF11004,driver,2001-2014,mode_0,0.5707450558426489,-0.06951447488972007,2.330645873311731,0.24047383100954384,0.4324689171904831,0.5286102434436549,0.812027195095409
1736,CF11005,driver,2001-2014,mode_0,0.6899918795341933,0.23171491629906776,0.9454604210494889,0.9959850353001463,0.42410921747313596,-0.5522021995536902,-0.2769597074113744
1755,CF11006,driver,2001-2014,mode_0,0.24020447144888263,-0.3475723744486011,0.3585609035864202,-0.6569974419835054,0.4610057069398973,-0.4359915473427798,-0.3285595909172385
1756,CF11007,driver,2001-2014,mode_0,1.7415518012725315,1.6220044140934728,0.3585609035864202,0.6656698841342648,0.37969305809675785,-0.10671667237430751,1.2744212524700902
1757,CF11008,driver,2001-2014,mode_0,1.2909480686965462,-0.023171491629906518,-1.0756827107592606,-0.39688173094231594,0.3852477773951947,0.2553350004676429,0.030196126010489627
1763,CF11009,driver,2001-2014,mode_0,1.4197232624119747,3.9159820854542415,-0.3585609035864202,0.614927662566209,0.23464944646230232,2.1312943239565296,1.8556941821981634
1767,CF11010,driver,2001-2014,mode_0,-0.11574726394752713,-0.23171491629906749,-1.2549631625524706,1.211546969847989,0.41939141126503815,0.07211328865766506,-0.34450364860370714
1768,CF11011,driver,2001-2014,mode_0,0.830574597913078,0.6951447488972028,-1.2549631625524706,2.439054520330632,0.20663802341416648,1.4421537202016266,0.5974712375823205
1769,CF11012,driver,2001-2014,mode_0,1.1516443680161175,1.2049175647551513,1.2549631625524706,1.8181350713782949,0.4386668611452497,1.9072035551490565,0.07762930472045931
1770,CF11013,driver,2001-2014,mode_0,1.599421617067142,,1.4342436143456807,-0.39721451905717625,0.4174883008379167,1.6387887399818757,-0.35026668770076713
1834,CF11014,driver,2001-2014,mode_0,-0.3434555586423459,-0.5329443074878552,1.7928045179321008,0.4509278333613881,0.341204615280273,-0.6650176052866534,-0.20403743742902633
1835,CF11016,driver,2001-2014,mode_0,0.46031077588175134,-0.11585745814953362,2.8684872286913614,0.4710403197175858,0.4055024376338033,0.055102285988401084,0.4105651599109229
1872,CF11015,driver,2001-2014,mode_0,0.29245988600274675,-0.7878307154168296,1.9720849697253109,-0.6717515160165466,0.4334962476873616,0.4926922538415482,-0.0978325627475358
1875,CF11017,driver,2001-2014,mode_0,0.6312815066041129,0.44025834096822847,0.1792804517932101,1.040189454616292,0.5090577832426515,0.6891632857750306,0.060889672771274196
1876,CF11019,driver,2001-2014,mode_0,0.18335310574943559,-0.6256302740074823,-0.3585609035864202,-0.0863873522848366,0.47736181982857356,-0.2379690900331303,-0.28895837063998675
1877,CF11018,driver,2001-2014,mode_0,0.5216269789689487,-0.41708684933832146,0.8964022589660504,0.6943890737158593,0.550187019247205,0.2312930537112532,-0.1604862603489056
1894,CN12001,driver,2001-2014,mode_0,1.1247160490528614,0.5329443074878556,-1.6135240661388908,-0.12900996628760114,0.5312573992098953,0.04834363498330734,0.9055507954879767
1895,CN12004,driver,2001-2014,mode_0,1.1384562577552706,0.1853719330392542,,0.02103505579882592,0.5760396882966364,3.046979463568827,0.044909416319980626
1896,CN12002,driver,2001-2014,mode_0,0.48857427459125696,1.1515075631626595,0.1792804517932101,-0.3640289599385075,0.4382504568668379,1.4825962614787733,-0.06003298646843496
1897,CN12003,driver,2001-2014,mode_0,1.5514654530331746,3.753781644044895,-1.6135240661388908,0.9059161444379582,0.3880855815132997,-0.5093377188067295,0.9130806886266943
1913,CEN1201,driver,2001-2014,mode_0,3.010504051142383,0.18428327485782883,0.3585609035864202,-0.1597221689407345,0.5806286386037953,0.14978070825986256,0.26347984635403243
1914,CEN1202,driver,2001-2014,mode_0,0.21518959712364852,0.6862117297303242,-1.4342436143456807,0.17288785812106766,0.41466585581559057,0.44954796088518284,-0.07413459326215406
1915,CEN1203,driver,2001-2014,mode_0,0.2290525522963014,0.5241808387121468,0.8964022589660504,0.014651228911806424,0.39202749559750166,-0.01752687586458812,-0.3165500275125502
1916,CEN1204,driver,2001-2014,mode_0,1.7808091160380841,1.4840352803210177,0.1792804517932101,0.17913815377673328,0.25118258774729035,-0.12214431100976526,0.6460424898542988
1917,CEN1205,driver,2001-2014,mode_0,2.0976312129188104,2.315118289287306,0.8964022589660504,0.2217709167560843,0.21921952359431826,0.1885826867331346,1.4240715238745791
1918,CEN1206,driver,2001-2014,mode_0,1.3932164423181934,1.0437030436410717,0.1792804517932101,-0.5818034623945684,0.3492013812654997,1.7077744648146997,-0.04421833716845898
1919,CEN1207,driver,2001-2014,mode_0,-0.13802781310803153,-0.6091912369910143,0.1792804517932101,-0.5600616763721706,0.5121141694269843,-0.12049956227065914,-0.3089790426016987
1921,CEN1209,driver,2001-2014,mode_0,0.8680027008713859,0.17895509647871796,1.4342436143456807,0.2512829531665726,0.42500618097864684,-0.2667119090649986,-0.006577135160557899
1922,CEN1210,driver,2001-2014,mode_0,0.8865517590929027,0.3015265412488966,-0.1792804517932101,-0.5345704797396437,0.44080823896509386,-0.6591811068904403,0.1588984181887564
1923,CEN1211,driver,2001-2014,mode_0,1.4498990882138223,1.4542849400438882,0.5378413553796303,-0.4190076877767982,0.32231423053492825,-0.42591434758056723,-0.32439097242488
1924,CEN1212,driver,2001-2014,mode_0,0.8653301944222773,1.0459783458720275,0.0,0.8290832662767255,0.3655344766133029,0.0724838582346915,-0.21653955234991323
1925,CEN1213,driver,2001-2014,mode_0,0.21585951352008032,0.4386589652528779,0.8964022589660504,0.33493979631939336,0.46633095897714405,0.43971680914342876,-0.3211729759255696
1926,CEN1214,driver,2001-2014,mode_0,-0.13982248985617787,0.23272943235965593,0.1792804517932101,-0.16210966125451717,0.5213813866671417,0.21045871513427186,0.5238982270557262
2011,CEN1215,driver,2001-2014,mode_0,1.0014700436392265,0.20021010722716323,0.05158379025049695,-0.13052619212919328,0.35870778203175246,1.215388705191134,-0.29287366717773666
2012,CEN1216,driver,2001-2014,mode_0,0.153557944652048,0.22486468935016565,0.5378413553796303,-0.08030183205814896,0.40632440482878074,-0.43505229567024545,-0.21713926625375082
2013,CEN1217,driver,2001-2014,mode_0,0.6319261908357057,1.3596627720756456,1.214381098739304,0.5732072403261134,0.4531025949393164,0.27789619653679226,0.030338688547572337
2014,CEN1218,driver,2001-2014,mode_0,0.3399795893589685,0.624906073319063,-0.12769666154271314,-0.06105417881517844,0.4985998254029561,0.19401416204141478,0.26610748065849843
2015,CEN1219,driver,2001-2014,mode_1,0.7685363252218547,0.69774527384596,0.2947125728150636,0.6525246523606776,3.5907128492988227,0.5636552226556386,0.3575993464466477
2016,CEN1220,driver,2001-2014,mode_0,-0.016055740503829224,-0.10586528654219864,0.9099296135704392,0.3671785332442784,0.4034219799813891,0.363892308418831,0.02007956109912372
2017,CEN1221,driver,2001-2014,mode_0,-0.22405418041928432,-0.5887484471163639,-0.6655380169223435,-0.007018557553048241,0.48620631344336,-0.22970148307242386,-0.04028101542091232
2018,CEN1225,driver,2001-2014,mode_0,0.4308987817290257,-0.07280411267234889,-0.5623704364213495,-0.30973626573668317,0.39398499132523934,0.24481670953620802,0.0885132054458075
2019,CEN1228,driver,2001-2014,mode_0,0.5347586018763785,0.37048680673931966,-0.2553933230854263,0.018232467382480428,0.3462505027781723,-0.056318750138567436,0.19058300060011885
2020,CEN1229,driver,2001-2014,mode_1,-0.07554703086810213,-0.2560383088323158,0.5052857829521874,0.3892593680137172,3.8543534971427107,0.6863324242327369,0.02483981759930002
2021,CEN1230,driver,2001-2014,mode_0,0.35067549944780796,-0.27278275180983735,0.5488430818169606,-0.25817416039366137,0.40389382595973783,-0.24227748257019371,0.010871730051698747
2022,CEN1231,driver,2001-2014,mode_0,0.20026050824022348,0.5858388805232537,0.2934497587315344,0.030204569859495115,0.418239795463829,5.747393103294174,0.08480702431191595
2023,CEN1232,driver,2001-2014,mode_0,-0.08197051061987466,-0.003699449251963749,0.9209313400077697,0.48153338227566755,0.42044337875307114,0.46440713469752204,-0.2096367122332324
2024,CEN1233,driver,2001-2014,mode_0,0.4383543884797031,1.9726726961363994,0.006763677302194432,0.8106791330358092,0.3901307771937299,0.3588009965042103,1.4834591635559813
2025,CEN1234,driver,2001-2014,mode_1,-0.014099714023072136,-0.09801825176937966,-0.2553933230854263,0.4536236085853066,4.734811161823208,0.21681770592654612,-0.08506499758934041
2026,CEN1236,driver,2001-2014,,-0.09148200270196723,-0.36942817740649114,0.6249559531091768,-0.812411025369675,,2.0376254196142183,-0.0412973097523483
2027,CEN1301,driver,2001-2014,mode_1,-0.3465021050724496,1.0281454932318461,-0.9074039854033809,0.1907294418582635,3.7369598847158922,0.11972164270895634,0.3590330165793616
2028,CEN1302,driver,2001-2014,mode_1,0.2295593374846931,0.14896627291505854,-0.8558201951528839,1.275733306080154,3.2366261275812263,0.6777269151741683,0.0010387992483440467
2029,CEN1304,driver,2001-2014,mode_1,-0.417739209632163,-0.682252024244178,-1.0892100653636492,0.05223791027611541,5.783879402105032,-0.3565686824112392,-0.07877870515921048
2037,CEN1305,driver,2001-2014,mode_0,-0.08409502425384578,-0.3600632971241164,-1.9695593415582526,0.18874338080028424,0.14158058206249105,3.3692326822573793,-0.11732554355764366
2050,CEN1222,driver,2001-2014,mode_0,,1.7484889037691753,-0.1792804517932101,0.14107111616111387,0.48261717142402877,-0.7237001776813257,0.24574053927371198
2051,CEN1223,driver,2001-2014,mode_0,0.8024050853382179,0.7954615510881277,1.265964888989801,-0.2102483918361609,0.4245573261575392,3.680185574715561,0.033506034144135693
2052,CEN1224,driver,2001-2014,mode_0,0.8802207061719605,1.0834231632806623,0.7416508882145596,0.18384502719116122,0.42527916094210366,-0.11802575186832687,0.7943697318797075
2053,CEN1226,driver,2001-2014,mode_0,0.7823071261654827,1.697608673114007,0.4862575651291333,0.25314853618536537,0.448381283539629,-0.5549011312469149,0.7473963362718041
2054,CEN1227,driver,2001-2014,mode_0,0.07140654923796697,0.09562279198437533,-0.3585609035864202,0.26051415835462555,0.4081768351213906,2.8839257245551932,-0.16085419890272207
2055,CEN1235,driver,2001-2014,mode_0,0.4566875484466606,3.627289801012825,0.46046567000388483,0.709403936306218,0.5128106505356641,0.5512905795697564,0.7950939599538667
2056,CEN1237,driver,2001-2014,mode_0,1.3883057044541627,0.47769990534229095,-0.05158379025049695,0.2234208332826033,0.42358150427142377,0.9110951524488831,0.0018910945119116201
2057,CEN1303,driver,2001-2014,mode_0,-0.18414124994572784,-0.43679078883362027,-0.799998355767251,0.15657645740377382,0.24051576531558863,0.41771829311621056,-0.17429418093516458
2058,CEN1306,driver,2001-2014,mode_0,0.3518350894578456,0.45397768977686087,-1.2930195981985786,-0.10614643366585509,0.33291848340056973,0.312442640384112,-0.18019472471843317
2059,CEN1307,driver,2001-2014,mode_0,1.5885420975119626,2.33878623351858,-0.6765397433596738,-0.030629814938644362,0.38440353227886787,0.1427922108076315,0.8968356731135807
2060,CEN1309,driver,2001-2014,mode_0,-0.010769095973083842,1.7198256383706692,-0.6900670979640626,-0.2121246154654685,0.528525199226655,0.1815580528617323,0.2116619186467152
2062,CEN1308,driver,2001-2014,mode_0,0.34382953667472094,1.4976846479093877,-0.0380564356461081,0.056357627104119595,0.4402895985426575,1.1079137676050537,0.22555050789190384
2063,CEN1311,driver,2001-2014,mode_0,0.31285972107158366,0.5416597906595302,-0.21733688743931817,0.404510686683451,0.45321455446316816,0.6117534386830827,0.05786586822650233
2064,CEN1310,driver,2001-2014,mode_0,0.03458019157895115,0.04578495555865472,-1.0486280015504827,0.07291633756113958,0.3822694982414722,1.9109111539583084,-0.06684087200885461
2065,CEN1313,driver,2001-2014,mode_0,-0.17130346629038598,0.4932218890586478,0.4482011294830252,-0.11932240470075213,0.46661017062164406,0.34489049937535077,0.21428780246449436
2066,CEN1314,driver,2001-2014,mode_0,0.0013674152373229053,0.3257450591961674,0.08964022589660504,-0.4795195928902368,0.5486298838887012,1.4051655200698918,0.38979016551173373
2067,CEN1316,driver,2001-2014,mode_0,0.026969784863472214,0.05675942364822913,0.3966173392325283,0.69785335001752,0.5565354820265961,-0.09362153289744522,-0.07703140316251562
2071,CEN1312,driver,2001-2014,mode_0,0.3060815144886569,0.10443417835426778,-0.3450335489820313,-0.49030825764051966,0.37858676660347085,0.5749577872175048,-0.11950523242670683
2072,CEN1315,driver,2001-2014,mode_0,0.5248347149086691,0.8688408765906788,0.7797073238606678,0.9409098026995877,0.4714409664121427,0.7802530382348778,0.845169417426442
2073,CEN1319,driver,2001-2014,mode_0,0.26809631782266374,0.9488530875357614,-0.15475137075149087,0.06985650303324535,0.4971379645359228,0.5615715672591989,0.3431002175864222
2074,CEN1317,driver,2001-2014,mode_0,0.32184667257360344,0.9253730341546452,-0.3585609035864202,-0.16282662018146202,0.5135367244814404,-0.11274877310931813,0.08144873794838274
2075,CEN1320,driver,2001-2014,mode_0,0.18256745899167423,0.4945588157004173,0.8042364049023869,0.03962489622767762,0.43949795706416833,1.4140962226998766,0.21536874212403864
2083,CEN1318,driver,2001-2014,mode_0,0.16076402658472325,1.4828255124502345,-1.1517955820514767,0.7463830036773572,0.43796875760453363,2.4423699302464508,0.1476274509716679
2084,CEN1321,driver,2001-2014,mode_0,0.04833378003036205,-0.11729052252836902,0.2443915966480959,-0.14920460117792833,0.6341582647363816,0.673710115358312,0.14518862397975543
2085,CEN1322,driver,2001-2014,mode_0,0.2905191695084923,0.1550089089684357,0.5894251456301272,0.11553194639915365,0.4754219559662693,0.5891618471684396,0.0916839422282659
2086,CEN1326,driver,2001-2014,mode_0,0.12768109929633703,-0.12193312756731456,-0.6900670979640626,-0.006208982208241405,0.38541766177950787,-0.20202081208467657,2.267408359164469
2087,CEN1323,driver,2001-2014,mode_0,-0.030626404322649462,0.29002411646642146,0.1792804517932101,-0.2147832047667278,0.5010490814561367,0.7316557450477312,-0.1767609802281232
2090,CEN1327,driver,2001-2014,mode_0,2.081798976959294,2.0460301201026687,-1.162797308488807,0.0069981001463023385,0.33068709624405984,-0.155023980631595,0.30070788515967706
2111,CEN1332,driver,2001-2014,mode_0,0.38404283032095327,0.07872034760121559,-0.3315061943776425,0.05472832743791947,0.3358096173345966,0.3011497802120408,-0.06332166436117206
2113,CEN1333,driver,2001-2014,mode_0,0.7159851121434839,0.28518326908139174,-0.4862575651291333,0.25582438593034357,0.39415169960894597,-0.058869239472875395,0.09855045083740013
2151,CEN1336,driver,2001-2014,mode_0,-0.3436577333252327,-0.2539378083776678,-0.141224016147102,-0.30627840952077656,0.5334159278978502,0.14969191309560276,-0.09020630766192506
2152,CEN1337,driver,2001-2014,mode_0,-0.012209183133261131,0.02074824986563632,-1.342077760282017,-0.05783277867864693,0.4077076891251885,0.28981284630540577,0.17438724719486096
2168,CEN1324,driver,2001-2014,mode_0,0.013420668077422381,1.3323678952507823,1.3961871786995725,1.2235150245270252,0.4993294571816381,1.0859116503546788,-0.06893041387416685
2169,CEN1325,driver,2001-2014,mode_0,0.6320869369840264,2.0746304616374283,-0.40761906566985867,0.6030544371392371,0.5370130127852151,-0.14298055980270513,1.5412671372901043
2170,CEN1328,driver,2001-2014,mode_0,0.27199049281655646,0.8260463563740462,0.5243140007752414,0.8169049234867504,0.491809245557403,1.0322024233849802,0.3469527870176742
2171,CEN1329,driver,2001-2014,mode_0,0.2418046797389366,1.3023448397782904,-0.5378413553796303,-0.4728304404598534,0.5092847034450053,2.2172404739013696,0.5982136900391276
2172,CEN1330,driver,2001-2014,mode_0,0.3421570663068033,0.8952370416292413,-1.331076033844687,0.3229534970678135,0.3907588280696994,1.6257486301066448,0.2724101690741742
2173,CEN1331,driver,2001-2014,mode_0,0.2814590940708482,0.5587595273631111,-0.6274815812762353,0.6603795830242457,0.4753090886149497,-0.038725527572684465,0.2579694022946323
2174,CEN1334,driver,2001-2014,mode_0,1.0797263030002773,1.132228346381442,-0.8312911141111646,0.3908783592497579,0.46614656847738667,0.37603966890933926,0.28462579194874
2175,CEN1335,driver,2001-2014,mode_0,-0.08986674584769738,0.7486590630828064,-1.0105715659043748,-0.05930793025317437,0.635417319720969,0.052851567426694446,0.5395198380784589
2176,CEN1338,driver,2001-2014,mode_0,0.04739093540789376,0.2905659652037785,1.2401729938645527,0.28522281658841836,0.444263836716152,-0.48341499030951396,0.23463910744192562
2177,CEN1341,driver,2001-2014,mode_0,-0.7318626917128462,-0.5415876608691762,1.1382682274470879,-0.15276522278828344,0.46455584686369633,-0.11286926913358945,-0.04131149848072643
2178,CEN1342,driver,2001-2014,mode_0,0.5074134878018566,1.545393057386698,-0.6520106623179546,0.1676323706459327,0.5086675191545376,-0.09736642709195559,0.5990190618958753
2179,CEN1340,driver,2001-2014,mode_0,0.4924325531502479,3.1406743761616225,0.8828749043616616,0.6585932354751954,0.5825529397190161,-0.12503070253392495,0.13665943784208526
2180,CEN1339,driver,2001-2014,mode_0,-0.11092370808371288,-0.12063057118363162,0.282448032294204,0.08914886643411739,0.467337375491068,-0.3539303524744327,0.012897900671892733
2183,CEN1344,driver,2001-2014,mode_0,-0.42020446830965136,-0.6574418248792997,0.035530807479049686,0.5749122551674797,0.504330945304407,-0.637122969665633,-0.02842118856727332
2184,CEN1346,driver,2001-2014,mode_0,-0.2206133481761346,-0.23386248051183003,0.0,-0.009364816146193139,0.5399320103004708,0.0877585218190084,-0.14917259189442542
2193,CEN1345,driver,2001-2014,mode_0,-0.20160727193171085,-0.36771824880199083,-0.0380564356461081,0.27218439800725824,0.5028562965986465,0.12218198128898483,-0.13732309792874267
2194,CEN1347,driver,2001-2014,mode_0,0.20061946068819156,0.07481816437415233,-0.040582063813166536,0.15672048309445544,0.5272283996565541,-0.10624731045951195,0.14264757836270836
2195,CEN1348,driver,2001-2014,mode_0,0.29727211774044904,-0.05089761027304477,-1.2794922435941898,0.5195698139238503,0.4831140500309853,-0.5383969736847624,-0.042583968797962446
2196,CEN1349,driver,2001-2014,mode_0,0.23946098803739196,-0.14237572506277815,-1.1898520176975849,0.05438523089289968,0.5558281801524633,-0.3856371913951332,0.12892341442996313
2198,CEN1343,driver,2001-2014,mode_0,0.18511595145649973,0.3194586884711226,1.9720849697253109,1.6372674640090479,0.6266648876103228,0.2502896931321495,-0.13808703926317695
2201,CEN1402,driver,2001-2014,mode_0,0.40541544846335126,0.5151224245859992,0.7661799692562788,-0.1627923384743837,0.5412060058024601,0.28334633091266076,0.1211267660828132
2202,CEN1401,driver,2001-2014,mode_0,-0.14070767788556388,-0.29879144464882945,0.3585609035864202,-0.655793467123241,0.5043033488985189,-0.7637543075153966,1.6717517479803454
2203,CEN1403,driver,2001-2014,mode_0,1.210639180914217,0.628202491759699,,-0.3673941200097657,0.6016130120592603,-0.548852287919308,1.5509626388764437
2206,CEN1404,driver,2001-2014,mode_0,0.591461641044372,1.0271417123707351,0.26892067768981515,-0.13174042226842606,0.5030717616190796,-0.2928030857336368,0.5013361931121739
2207,CEN1406,driver,2001-2014,mode_0,-0.05772010321684138,1.7282000645690996,,-0.2526545948140819,0.5039095595198363,0.03178750599910177,0.3918624783961392
2208,CEN1409,driver,2001-2014,mode_0,1.2815339782596433,0.49848934828368224,-1.1750618490096667,-0.04486927758889251,0.5071915127394861,-0.5388930963189736,0.23012800657824073
2210,CEN1405,driver,2001-2014,mode_0,1.774405157503787,0.8354208273414022,-0.7171218071728404,-0.748811770005655,0.4489563872210509,-0.6808188837005622,-0.04235697489518249
2211,CEN1408,driver,2001-2014,mode_0,1.0551589218940547,0.34327303109256985,1.4833017764291192,-0.5968319366804954,0.5350720173073145,-0.22465368081874765,0.33854798272565023
2212,CEN1407,driver,2001-2014,mode_0,-0.4232807569235035,-0.5218503032511,0.3315061943776425,0.4077492409613193,0.5186877489189972,-0.17281539097830467,-0.2049033267127668
2214,CEN1413,driver,2015-2017,mode_0,-0.0036078207198690926,-0.1041756437721419,,0.010839994296316066,0.5230574359181558,1.0413189734972894,0.11886884279495852
2219,CEN1412,driver,2001-2014,mode_0,-0.06609625588744675,0.057817956791463974,-1.0105715659043748,-0.3891153423230356,0.49355898798646963,-0.31300827331030345,0.38998020047647525
2220,CEN1411,driver,2001-2014,mode_0,0.5035747098329094,-0.3798184872382466,,-0.7918704472943414,0.5495179696887256,0.2958119357673353,-0.08821574723416252
2222,CEN1410,driver,2001-2014,mode_0,-0.007680656212963965,-0.10697866815715067,0.43467377487863634,0.7698891588051316,0.6569276180409046,-0.3923969549059001,-0.014464312357384105
2223,CEN1414,driver,2001-2014,mode_0,-0.5964410665740276,1.3931205268272568,0.26892067768981515,0.18454104993474543,0.6011507706115462,-0.16401033679564336,0.009810729729417688
2224,CEN1415,driver,2001-2014,mode_0,0.5002408945459587,0.39344420673295866,-1.4342436143456807,-0.6402606367334892,0.5821929383336302,-0.39776233322396526,0.431106229128127
2230,CEN1418,driver,2015-2017,mode_0,-0.004513169371015613,-0.04196034588626979,-0.21733688743931817,-0.020156943615457956,0.5197619053079001,-0.7030281573814405,0.1835540237007004
2231,CEN1419,driver,2015-2017,mode_0,0.38280346833310813,-0.1932724793901072,-0.9970442112999858,-0.3364109266715376,0.3907374477284148,0.39164784874116587,0.2951059832208781
2238,CEN1421,driver,2001-2014,mode_0,-0.1061916061359142,0.38677532662470077,-0.7416508882145596,0.3426268077421475,0.3833329404034409,0.1725275339940956,-0.04399241011422924
2245,CEN1416,driver,2001-2014,mode_0,0.9436813495429852,1.2475723591797527,-0.5513687099840191,-0.15040181005380168,0.6716443960077774,0.13405628458586516,0.3172492993318462
2247,CEN1420,driver,2001-2014,mode_0,-0.7696013762245517,-0.08059926132959656,0.3585609035864202,0.34885643338630334,0.5593181644996696,-0.5124155699160435,-0.1959735150568211
2248,CEN1424,driver,2001-2014,mode_0,1.1460653247534551,2.053596845236063,,1.079968494511239,0.44001423251095023,-0.5721899624060484,0.14130984611646893
2251,CEN1422,driver,2015-2017,mode_0,-0.34687059096364353,-0.23140081564876328,0.8312911141111646,0.3736787239481052,0.5555001730554293,-0.3314858667222233,0.10448846169085597
2257,CEN1423,driver,2001-2014,mode_0,1.0470317165857863,0.7752393438841491,-1.445245340783011,-0.3023266650847775,0.548755277349323,-0.23741178729725443,2.072956975557836
2260,CEN1425,driver,2001-2014,mode_0,0.8273214794413931,-0.049445927681889906,0.3966173392325283,0.075948682941942,0.5377322530304033,-0.09061487573552199,-0.05083911627257014
2317,CEN1427,driver,2015-2017,mode_0,-0.31303098433105686,0.22153328135422132,,0.5908084796395284,0.5121705942031769,0.4111092942377043,-0.06708560945682196
2318,CEN1426,driver,2001-2014,mode_0,0.8381248336596441,1.818149169622119,0.8312911141111646,-0.2961107840141676,0.658016523361352,-0.1257602664994203,0.009829108667703909
2320,CEN1428,driver,2001-2014,mode_0,0.3008108684571333,0.17987324026339288,,0.6806432468321347,0.6102911773303776,-0.3702231435465424,-0.09557048565511317
2321,CEN1429,driver,2001-2014,mode_0,0.23088041286736552,1.2931457477248027,-1.162797308488807,0.8910908866738194,0.4751792659704146,-0.0489920094033454,0.737116949722288
2324,CEN1430,driver,2015-2017,mode_0,-0.10950719860149549,-0.09812756395444026,-0.6900670979640626,2.144018671095566,0.5251270181815823,0.688413511578602,0.036349590849560666
2325,CEN1432,driver,2015-2017,mode_0,-0.17552457914899428,-0.3841069171054861,0.1792804517932101,-0.0821645640125519,0.4468804077969328,1.5846920059635123,-0.1726233887701294
2335,CEN1433,driver,2015-2017,mode_0,-0.23411341988322998,-0.23954342904916034,-0.7661799692562788,0.06355815452135995,0.4934556009522975,-0.020648567510038796,-0.014618782079957347
2336,CEN1431,driver,2001-2014,mode_0,0.6106005145290873,0.16798033982036345,0.3315061943776425,0.10075722893019795,0.3652142541690879,-0.45646364238839043,0.09747428403572064
2337,CEN1434,driver,2015-2017,mode_0,-0.3413801392532692,0.5467408872524538,0.1915449923140697,1.8205679116642712,0.6246075075610467,-0.21869172913653465,0.3296021357926742
2338,CEN1435,driver,2001-2014,mode_0,1.1212536401937014,0.6319731608263686,-1.9720849697253109,-0.48214738977899535,0.5673782372310875,-0.4367777962673093,-0.02973595618099141
2339,CEN1436,driver,2015-2017,mode_0,0.05327387894732651,0.08780377583931653,-0.5513687099840191,-0.13175416684197194,0.5686187088804017,1.5009149709843366,0.26872786329346154
2340,CEN1437,driver,2015-2017,mode_0,-0.08070377717966545,-0.07095050162470139,-0.30697711333592326,0.5690460236056207,0.5478246415522322,-0.11667466975154094,0.07909921209020909
2344,CEN1438,driver,2001-2014,mode_0,1.4073138593587915,3.1288564457153556,2.0591995674548573,-1.0274691667414975,0.44670361500233274,-0.6668517913242,0.4591352765759675
2345,CEN1440,driver,2001-2014,mode_0,-0.05826640108813974,-0.07952096545954614,-0.7035944525684514,0.13799753705967369,0.555636208677101,-0.19087235237006125,0.6945941148192009
2346,CEN1439,driver,2015-2017,mode_0,-0.0866646748382166,0.2818582548754349,-1.4342436143456807,-0.010853738869861976,0.4111722180268568,-0.33813755639874377,0.14709157978015974
2347,CEN1442,driver,2015-2017,mode_0,-0.10558171672503938,0.699782669927946,0.8964022589660504,-0.3146897043582677,0.41569668061871856,1.0157143913891784,0.35279711306866834
2396,CEN1445,driver,2001-2014,mode_0,2.3266014497816494,3.6166420308839897,2.330645873311731,1.474242907706839,0.4248386352600569,-0.7980986534212641,0.8760129740399291
2399,CEN1443,driver,2015-2017,mode_0,-0.0907354833650917,-0.389977467329582,,0.3147859163730891,0.5818089726813102,-0.36849810210840467,-0.01863279804030546
2400,CEN1444,driver,2015-2017,mode_0,-0.055044194039868446,-0.22533535832283147,-1.124740872842699,-0.09765616068166595,0.5366163660723514,-0.2822358360948913,-0.04955488958658054
2401,CEN1446,driver,2015-2017,mode_0,-0.2449032682620745,-0.1711421433952053,-0.5758977910257383,-0.2402778109670458,0.4436737173560411,0.48080567340232094,0.14399537860869582
2402,CEN1447,driver,2015-2017,mode_0,-0.12160574749947546,-0.3246860991348977,1.4697744218247304,-1.3345299016403487,0.591246128205814,-0.771466069692404,0.0038729120640955406
2403,CEN1448,driver,2015-2017,mode_0,0.12785576528367462,-0.19641967543367808,-0.9970442112999858,-0.3395119949200696,0.5041852592814737,-0.5172372367524468,-0.18804261843912912
2404,CEN1449,driver,2015-2017,mode_0,0.09620017202806896,0.04595675281915557,-0.14248683023063125,-0.12865309859343996,0.48017231845037334,-0.6121702271836662,0.2995192224029901
2405,CEN1450,driver,2015-2017,mode_0,-0.23135270196546992,-0.30056218965182285,-0.1792804517932101,-0.1534616445816959,0.4420367611037021,-0.026405947547141415,-0.1104790427147849
2406,CEN1452,driver,2015-2017,mode_0,-0.26419719998506175,0.033269778527308745,-0.025791895125248473,0.5811077629825333,0.46799812498139887,0.31140955880781085,-0.18698086967764177
2407,CEN1453,driver,2015-2017,mode_0,0.05426333596874492,-0.12106047610822353,0.10190476641746467,0.007738926047784071,0.3336671641337004,0.35102832427488745,-0.10995068600348855
2426,CEN1502,driver,2015-2017,mode_0,0.014050619778177653,0.010184447081466411,-0.677802557443203,0.023244267290444032,0.5776078015777663,-0.3446791460297469,-0.12404876653145794
2427,CEN1501,driver,2015-2017,mode_0,-0.08535024749772749,-0.09522377185409588,,0.3578171045146839,0.4853646552568878,0.1337425438810453,-0.16121587621532765
2432,CEN1505,driver,2015-2017,mode_0,-0.11278492421957531,-0.418121031936132,0.42114642027424753,0.026359080112521943,0.4593189137852467,-0.11435996072881102,-0.20868974408735197
2433,CEN1507,driver,2015-2017,mode_0,-0.07719882510721413,0.13025388985853895,0.5378413553796303,0.0012492342276883377,0.5352959419468347,-0.3150297518842333,-0.12340663120163847
2434,CEN1515,driver,2015-2017,mode_0,-0.058780460940319926,-0.16811218470919842,1.0841588090295324,-0.25270957310826564,0.45297996782744265,-0.2673650625942224,-0.0712058701662547
2435,CEN1506,driver,2015-2017,mode_0,0.024149774771859697,0.6669216005151375,0.32050446794031207,0.44153220265150184,0.4403618520354803,-0.5995601173683657,0.3781594774776122
2436,CEN1514,driver,2001-2014,mode_0,-0.6734012041964827,0.011661955460982884,-0.3475591771490898,-0.2992393414097914,0.4320447871947318,-0.704246261572282,0.1319583852315238
2437,CEN1510,driver,2015-2017,mode_0,1.1112078813386832,2.411514055500001,,0.13176791141551789,0.46497688046191354,-0.3977463580505819,1.652055862844204
2438,CEN1509,driver,2015-2017,mode_0,0.5883630033552941,0.644545763927204,0.8448184687155535,-0.07597617208903383,0.4637446127325294,-0.4348416494244115,-0.16039939834569075
2439,CEN1508,driver,2015-2017,mode_0,7.827539970328125,-0.4573570715065676,0.0,0.08530686598172164,0.4741564426576299,-0.4821583202660362,-0.21912477492754295
2440,CEN1503,driver,2015-2017,mode_0,-0.09296680846435994,0.09013345746429373,1.369132469490795,0.02017068818900387,0.5016366178805505,-0.2419070207249422,1.938248327695976
2444,CEN1504,driver,2015-2017,mode_0,-0.046322431304646874,-0.32429046827879904,-1.073157082592202,-0.30851505700829557,0.47466209606452237,2.028621524106323,0.12470417832834677
2445,CEN1511,driver,2015-2017,mode_0,0.529789016463585,1.0956491133147568,-0.23086424204370704,-0.7177873429467891,0.5767772524177524,-0.6516941659685004,0.6050225707607125
2446,CEN1518,driver,2015-2017,mode_0,-0.156598169400707,0.2846181721534453,-0.4482011294830252,1.1236710053137189,0.5494822917399967,-0.1718847964673415,0.7451377119007312
2447,CEN1512,driver,2015-2017,mode_0,0.35071399004995985,0.3099411965175019,1.2769666154271313,-0.3240203982509555,0.5388200670224471,0.49067722592826657,0.2952535513691545
2453,CEN1539,driver,2015-2017,mode_0,1.390038560941033,1.4287491501217986,1.3678696554072656,0.4384173898294239,0.4932620101338368,0.6072425996380537,0.18829636288434404
2490,CEN1521,driver,2015-2017,mode_0,-0.2590197647620128,-0.384041235135052,-1.8418626800155393,0.3736787239481052,0.37948528131509174,-0.4389376214018075,-0.03255974999478841
2491,CEN1520,driver,2015-2017,mode_0,1.482045730844678,0.7204639009294654,,1.0275928679034108,0.46190140359014875,-0.4273937352217796,-0.14315612280785425
2493,CEN1519,driver,2015-2017,mode_0,-0.30109089639921327,-0.36532804040212413,-0.8448184687155535,-0.36430679633477964,0.5975713739809403,-0.08435458993460415,-0.18883986601031216
2494,CEN1525,driver,2015-2017,mode_0,-0.38480068811227586,-0.20100103715609596,-0.5378413553796303,-0.06668671191698376,0.5344093007562585,-0.049389345493643405,-0.19508312676587275
2495,CEN1522,driver,2015-2017,mode_0,-0.07696013762245518,0.1108263336409383,0.5378413553796303,0.7861345455764063,0.5325664555327789,0.1058303579441709,0.12306779195984599
2496,CEN1524,driver,2015-2017,mode_0,0.32288664876750095,0.2428885367103741,-0.4592028559203556,1.0648744097535243,0.5018893547627212,1.1106300697957423,0.46959284733714335
2500,CEN1545,driver,2015-2017,mode_0,0.9193288817142389,1.4721595109770993,-0.5623704364213495,0.42602686140884183,0.48778526234819175,0.10560295159724872,0.7692816351916367
2517,CEN1526,driver,2015-2017,mode_0,-0.18502213860938987,-0.4237821215570534,,0.6523773544045856,0.5790279620720955,1.083873413995562,3.0915645358170893
2522,CEN1527,driver,2015-2017,mode_0,2.2545676301156807,0.9696143194702057,0.8570830092364131,-0.42786495085613957,0.49309375553866513,-0.16549143968173266,0.4783779330473173
2523,CEN1528,driver,2015-2017,mode_0,-0.11373168960499806,0.03153960624802573,-0.7661799692562788,-0.21236819673025786,0.5833304914964662,0.03394059221453813,0.21835981289669998
2524,CEN1541,driver,2015-2017,mode_0,-0.20446714838711974,-0.22683582632415725,0.0,0.3550035915891836,0.5216426306552377,0.007548756287178354,0.00272267798568123
2525,CEN1543,driver,2015-2017,mode_0,-0.4829151896159363,-0.7409064984249288,0.0,-0.8356279363910049,0.526942044831917,-0.36978984829656647,-0.10160195616016984
2552,CEN1530,driver,2015-2017,mode_0,-0.0018780231956987026,-0.022177303563422967,0.141224016147102,0.29617950688189715,0.5687674545271079,-0.11232967044090289,0.0705861065913734
2553,CEN1544,driver,2015-2017,mode_0,2.148771399517008,1.2983032301434245,0.0,0.6275825529898754,0.32493594109022844,2.249196784404819,2.6856091034382628
2554,CEN1529,driver,2015-2017,mode_0,-0.09600487907786591,-0.19758165007961423,0.7661799692562788,-0.5438124765588739,0.5415970342930011,-0.3540248716193311,-0.11435309429270328
2555,CN15002,passenger,2015-2017,mode_0,-0.5579609977628001,0.7166158025925076,1.176324663093196,-0.06357189909490586,0.6095785598995148,-0.6572749272605292,-0.05464303070388153
2559,CEN1531,driver,2015-2017,mode_0,1.3033586396680947,1.4661367759997923,-0.7661799692562788,0.6958747773253089,0.43545963165784235,-0.24025652022276767,1.0578434118122697
2560,CEN1547,driver,2015-2017,mode_0,0.43577591572801877,1.0842096005257567,-0.8177637595067757,-0.16893949667726402,0.5203964175424814,-0.43538897323383574,0.18344062757155072
2562,CEN1540,driver,2015-2017,mode_0,-0.396238916504147,-0.45793672193585283,-1.0756827107592606,1.123643516166627,0.5738283606783424,0.5954194979918519,0.054421351591853455
2563,CEN1532,driver,2015-2017,mode_0,-0.14322625642476053,0.41885558306565523,-0.0380564356461081,-0.09142653503751015,0.4997786372734935,-0.13626687073085902,-0.11374097007146619
2565,CEN1533,driver,2015-2017,mode_0,-0.14611846923116772,-0.256784462977303,0.5623704364213495,-0.44457829260585013,0.5252160224380082,-0.2906913198573566,-0.13939912784448055
2566,CEN1523,driver,2015-2017,mode_0,0.09439664852963917,-0.4707620851260481,-0.15475137075149087,-0.5006988209760036,0.4969003963500406,-0.38264892521284083,-0.21032087024268753
2567,CEN1534,driver,2015-2017,mode_0,-0.05453776253236649,1.0960678961718517,0.7171218071728404,-0.38601427407450356,0.5324766231867022,0.21117473200392994,0.3821159850460081
2576,CEN1536,driver,2015-2017,mode_0,0.82067280082224,0.17436691299345472,0.0,1.297838295731277,0.4982194608558106,0.2402450050827017,0.23412737895198368
2577,CEN1537,driver,2015-2017,mode_0,0.09620017202806896,0.030567522912458716,-0.141224016147102,1.3993372903893968,0.4698035581424958,-0.25799997097311844,-0.12824016373322564
2578,CEN1549,driver,2015-2017,mode_0,0.0,0.9938728859787357,0.7035944525684514,-0.3363834375244457,0.5325674296947174,0.030209122306817895,1.1180193966843808
2584,CN15005,passenger,2015-2017,mode_0,-0.11544020643368276,0.06301584656957566,0.12769666154271314,1.6911527502215276,0.5002327911140146,0.16753831683038678,-0.07316439417573672
2585,CEN1542,driver,2015-2017,mode_0,-0.2705484032731295,-0.15875623365492209,0.2553933230854263,-0.4325302978024834,0.5182950593071324,-0.050433516087470105,0.1758021457926815
2586,CEN1546,driver,2015-2017,mode_0,2.2126768232905882,2.171013482429809,0.7145961790057819,0.5070246586349809,0.3672184357710141,0.957166055799874,1.499305673388983
2587,CN15006,passenger,2015-2017,mode_0,-0.4810008601403449,0.776803895408412,-0.41014469383691715,0.14414469526255402,0.5325197852726505,-0.0417136659042219,-0.01058653010494778
2589,CN15007,passenger,2015-2017,mode_0,-0.38480068811227586,-0.3032045599236584,-0.37208825819080904,0.03254747203604001,0.6303749128431083,-0.4150497812957209,0.08071642805917766
2593,CEN1602,driver,2015-2017,mode_0,3.2130857457375037,2.25211883131506,-0.7171218071728404,-0.3705226774053895,0.5137403264118199,0.47488644338140085,2.1532411513018586
2594,CEN1605,driver,2015-2017,mode_0,0.4685756086138051,-0.05380703851690055,-1.4317179861786222,0.2554818523131281,0.4481768753923349,-0.4876199226434593,-0.001305638127344154
2609,CEN1601,driver,2015-2017,mode_0,1.955202275274294,2.4584762568023915,-0.4997849197335222,-0.20310622570529965,0.41056643867769643,0.95152910432288,4.15353131099328
2610,CEN1606,driver,2015-2017,mode_0,1.5439026910520357,1.9960712182568976,0.7403880741310304,-0.2030924811317537,0.3777561934308402,0.7667049978252958,0.915793958579166
2613,CEN1451,driver,2015-2017,mode_0,-0.4254062897712746,-0.3621577885471505,-0.7429137022980888,-0.01702838621983414,0.5854065495221155,-0.22748077548470536,-0.06162686852813236
2684,CEN1603,driver,2015-2017,mode_0,0.07812390408336654,0.3699589462360122,0.9074039854033809,0.060498319993465687,0.5877388891730299,1.5955814409384281,0.47297841896917325
2687,CEN1607,driver,2015-2017,mode_0,-0.4040407225178897,-0.46910074955253184,-0.7551782428189484,0.42638313959960317,0.5178963222927433,-0.003721357357036603,0.0037697518665053484
2698,CEN1612,driver,2015-2017,mode_0,0.5712709967673363,0.3495333414904051,0.0,0.14728699723172375,0.5168985426763102,-0.12096688807254048,0.2362261670729635
2704,CEN1608,driver,2015-2017,mode_0,-0.4057378763091572,0.4055083802740376,0.0380564356461081,0.05739725174493369,0.5701654182630947,-0.08217352965792749,0.10483561203680933
2705,CEN1604,driver,2015-2017,mode_0,-0.5194809289515725,0.8737439204823684,0.12769666154271314,1.613310999538104,0.48653250647348095,0.15115001280492965,-0.07113928901390405
2706,CEN1610,driver,2015-2017,mode_0,-0.21337409422083148,-0.05207973240417,0.3450335489820313,-0.038777097680195834,0.5489669713089921,1.2682166156408552,-0.018278744128155583
2713,CEN1609,driver,2015-2017,mode_0,0.3582881913454711,-0.27530213131117354,0.4997849197335222,-0.3116161252568275,0.4423745827172576,-0.00585312970338045,0.06062064775255245
2714,CEN1614,driver,2015-2017,mode_0,0.0,-0.10176853881201209,-0.6520106623179546,1.4458533141173764,0.5047163293577713,0.3399435833724628,0.029190718663603274
2717,CEN1611,driver,2015-2017,mode_0,-0.32717703030588097,-0.7244517633926261,-0.4862575651291333,-0.02328550101108177,0.5374996137701442,-0.6396485196715351,-0.20470140760845046
2720,CEN1613,driver,2015-2017,mode_0,1.8632960351865981,1.041777206613477,,0.413608843841168,0.4781679586911889,-0.6646555881183183,0.8008573205671023
2725,CEN1616,driver,2015-2017,mode_0,-0.09386730487708747,-0.14176776743695244,-0.42114642027424753,-0.2589117096053296,0.5344964396232073,-0.13430940433206429,0.2196207959629227
2732,CEN1615,driver,2015-2017,mode_0,-0.38310376955716385,-0.12093192430397559,-0.2934497587315344,0.4264381178937868,0.4778552563339635,0.024490708135647743,0.2610068234857621
2733,CEN1617,driver,2015-2017,mode_0,-0.4251108551139729,-0.5430680775749063,-0.7661799692562788,-0.16978348660712664,0.3827784248761156,-0.5328642813592329,-0.12632152559982796
2734,CEN1618,driver,2015-2017,mode_0,-0.03848006881122759,-0.48396599023289205,-1.0486280015504827,-0.10385829717872995,0.585247306665433,-0.02531519532637924,-0.027549492797476226
2790,CEN1622,driver,2015-2017,mode_0,-0.4130074642322089,-0.463588978518269,0.6520106623179546,0.11316150192432593,0.5012085660998138,-0.27990075414372884,-0.17840451719624972
2791,CEN1619,driver,2015-2017,mode_0,0.25012044727297933,0.05943060314440272,0.7293863476937,1.7935979590114508,0.5315464193257275,0.3849953767180389,-0.1937083669738578
2803,CEN1621,driver,2015-2017,mode_0,0.05772010321684138,0.10998599794978973,0.4224092343577768,-0.3240066536774096,0.5342395455639285,-0.2840200988386587,-0.10025180917995805
2804,CEN1625,driver,2015-2017,mode_0,,-0.5860054263986165,-0.6384833077135657,1.7553300500303288,0.425466977138418,0.10825278881731683,-0.18948879998516371
2820,CEN1624,driver,2015-2017,mode_0,-0.7118812730077104,-0.036168748270196116,-0.8828749043616616,-0.36123321723333945,0.39190100931368527,-0.28031921902727386,0.015611717870890794
2825,CEN1623,driver,2015-2017,mode_0,-0.23131756492524244,-0.5166945414297116,0.11543212102185352,-0.41702495655982347,0.42638519872674346,-0.5286882496701487,-0.20768129403797914
2828,CEN1635,driver,2015-2017,mode_0,-0.03185583930415283,-0.3014946523989886,-1.1505327679679476,-0.4449483153701574,0.42634860699618377,0.04140425544891521,-0.08663560502466197
2829,CEN1626,driver,2015-2017,mode_0,0.17316030965052415,-0.023827090151407382,-0.3708254441072798,-0.30540024418621764,0.5284694929586143,-0.6504181477757995,0.10090538346852743
2834,CEN1634,driver,2015-2017,mode_0,-0.0036781685492341897,-0.2046428669045605,-0.7035944525684514,-0.09454134785958805,0.5170777310068729,-0.33580112678623225,-0.07148020976982918
2835,CEN1630,driver,2015-2017,mode_0,-0.5087437636157024,-0.08056250585292456,-0.32050446794031207,0.07604489495676343,0.47719358213628316,0.50398093186925,0.12517727821010374
2869,CEN1627,driver,2015-2017,mode_0,0.13468024083929656,0.10621819504967268,,0.41359509926762206,0.4458283936013719,-0.3838137866340339,0.24020013378777477
2870,CEN1628,driver,2015-2017,mode_0,-0.6012167220155826,-0.3630875775069507,-1.124740872842699,-0.190646974416988,0.4100298770072991,0.05885903676288959,0.030407378295364863
2871,CEN1631,driver,2015-2017,mode_0,-0.24337224269292662,1.1461488479720183,0.5758977910257383,0.3240753765451392,0.5098997436782926,0.029473552424147148,0.8058857769144647
2872,CEN1632,driver,2015-2017,mode_0,0.19240034405613793,0.1270515567744708,,0.0883804450831618,0.5098091169007771,-0.05370536715009745,0.11455389828500274
2873,CEN1633,driver,2015-2017,mode_0,-0.37517099694449907,-0.5347072667224229,0.9725151302582666,-0.7146862746982571,0.42729304552384584,-0.6686390039691192,-0.09621820896045435
2874,CEN1636,driver,2015-2017,mode_0,0.6253409802205078,2.0158173667538173,1.162797308488807,-0.1132164802185096,0.48244563766951915,0.358164841225647,0.4721023759265712
2875,CEN1637,driver,2015-2017,mode_0,,,,,0.3741444477002747,-0.09391384023125784,-0.022875463663238185
2931,CEN1629,driver,2015-2017,mode_0,-0.2081986367980623,-0.5310721203875494,-0.5107866461708526,-0.45115045186722136,0.3752777357873947,0.11021467536185088,-0.09490782990068007
2932,CEN1638,driver,2015-2017,mode_0,0.09060263161458385,0.33428359202144337,,0.311698592698103,0.38494055548315864,1.6405204791085621,-0.12178228662247538
3063,CEN1639,driver,2015-2017,mode_0,0.19240034405613793,0.7678766777492654,-0.5107866461708526,0.9660514822854455,0.41166562938173024,-0.36464464677760444,0.5368309235946004
3084,CEN1704,driver,2015-2017,mode_0,-0.39594490677442995,-0.11077754823076717,-0.6900670979640626,-0.3519300124877434,0.42663096037976983,0.5603311845062152,-0.14658988499846695
3085,CEN1702,driver,2015-2017,mode_0,-0.21239079145056658,-0.5002399025870021,0.4592028559203556,-0.761202298426237,0.45793678719721737,-0.6241191525447642,-0.1292937655817728
3086,CEN1701,driver,2015-2017,mode_0,0.5681675560057794,0.9662920330815465,-0.9331958805286293,0.23690293196902798,0.4218728014488669,-0.13671039093443269,-0.1905697965187377
3087,CEN1705,driver,2015-2017,mode_0,-0.08436269452767871,-0.35973063229142505,0.30697711333592326,0.0015642786978119123,0.48534931238652923,-0.0759322830648787,0.1835190638708662
3098,CEN1703,driver,2015-2017,mode_0,0.9539274163376652,0.2983586746125085,-0.5107866461708526,-0.4914505945245913,0.4365925219753648,1.244155095435123,0.14290230256991876
3101,CEN1709,driver,2015-2017,mode_0,-0.26135987912685793,-0.37289143029127053,0.3450335489820313,-0.15582867948873266,0.4779658987459384,-0.09100716633358234,-0.192756420494504
3117,CEN1707,driver,2015-2017,mode_0,0.5345467575542585,0.4274171717023337,1.2769666154271313,0.23730044388042706,0.446394767494243,1.209836997801653,0.1568410766138098
3118,CEN1710,driver,2015-2017,mode_0,-0.3854227040864484,-0.7823001759507214,1.2769666154271313,-0.3550310807362755,0.41459248903987145,-0.616308373458363,-0.18611428282735773
3119,CEN1706,driver,2015-2017,mode_0,0.09162965795555826,0.17617999453187613,,0.11630380389349566,0.4377515140100097,0.03140991390896451,0.3934688912128722
3141,CEN1711,driver,2015-2017,mode_0,0.5987608485752317,0.3235330537170602,0.7171218071728404,-0.5348792945775852,0.523750436183412,-0.5483883012780502,0.14771459021427644
3143,CEN1712,driver,2015-2017,mode_0,-0.3212824992627288,-0.38418162449361204,0.0,0.7578136748546732,0.4392577457237422,-0.3458573808585673,0.025266493755027916
3145,CEN1713,driver,2015-2017,mode_0,-0.215468224721114,-0.4201181870776723,0.1792804517932101,-0.0945825815802258,0.5524346571218576,-0.21787687713039228,-0.1333081927394468
3186,CEN1708,driver,2015-2017,mode_0,0.39927465276952867,0.40471878829361074,0.2553933230854263,0.7521052622838297,0.3201021507512295,0.8832858683180713,0.13029343361811646
3213,CEN1714,driver,2015-2017,mode_0,-0.172422563315022,-0.08931646615332789,0.5107866461708526,-0.22478621429793175,0.5594155484857476,0.7365346774825685,0.28807080193670476
3218,CEN1716,driver,2015-2017,mode_0,1.6384173075624098,2.1452857174726394,,1.3001031064363728,0.38392595320773465,1.191558503106783,0.996148591495687
3233,CEN1715,driver,2015-2017,mode_0,2.0483796502920995,1.951567581112173,,2.0288266556942993,0.43196758130435103,3.60416834254716,0.5736602162051992
3234,CEN1717,driver,2018-2026,mode_0,-0.3904315049973729,0.28962480776736194,,1.1489595306546494,0.43109791634537553,0.012186544057153428,0.08782454306728994
3235,CEP1701,passenger,2015-2017,mode_0,0.11544020643368276,0.3400391517573063,-0.7281235336101707,0.06390799047517515,0.54410917198602,-0.3276993097151045,-0.13195421630902165
3236,CEP1707,passenger,2015-2017,mode_0,-0.19240034405613793,0.04973439492301936,-0.11416930693832428,0.6589632582395026,0.48578938543214706,-0.45259006030202276,-0.19974584143329455
3260,CEN1718,driver,2015-2017,mode_0,0.2850918293190167,0.09044048888781016,0.4862575651291333,1.2942572481300703,0.4189702870914969,-0.19382751916951194,0.2062360339832035
3263,CEN1722,driver,2015-2017,mode_0,-0.16054059831736572,-0.08455056069527207,-0.5378413553796303,0.24344760208330737,0.5066329538794933,-0.21163459369677023,0.16145216309375793
3327,CEN1720,driver,2018-2026,mode_0,-0.4232807569235035,0.11403692262595118,0.21733688743931817,1.0121287603813887,0.4688589943956348,2.4981376308868732,0.03051468812560791
3328,CEN1721,driver,2015-2017,mode_0,0.1219233103241824,0.17092127215575337,-1.5078308574708383,0.9314185184782812,0.43306862201871105,-0.38480431241407864,0.019089367382776806
3329,CEN1719,driver,2015-2017,mode_0,-0.3801292786829443,-0.35989684743834677,1.0215732923417051,0.4880619709530276,0.5984392658592742,0.387682833364005,-0.12194348206562115
3330,CEN1723,driver,2015-2017,mode_0,-0.013616614760245626,-0.40685117759816647,0.5378413553796303,0.5317644817555073,0.5462383514236002,-0.13554119235440387,-0.09750805491408032
3369,CEP1712,passenger,2018-2026,mode_0,-0.7888414106301656,0.5041173083506064,-0.1792804517932101,-0.21548300955233576,0.5408467694839033,-0.11193243520150029,-0.026279361035162513
3370,CEP1713,passenger,2018-2026,mode_0,-0.38480068811227586,-0.02741075620891391,0.19280780639759892,2.088048252312985,0.589138282277364,0.09473187002317661,0.14501354648676162
3371,CEP1714,passenger,2018-2026,mode_0,-1.231362201959283,-0.18847914969619295,-1.317548679240298,0.34258557402150974,0.4375522573650364,-0.3293061406043425,0.02042841619554263
3372,CEP1715,passenger,2015-2017,mode_0,-0.03848006881122759,-0.7753923845830759,-0.5758977910257383,0.27130223802591164,0.5423715543206882,-0.7580749875318141,-0.14199761434317587
3379,CEN1724,driver,2015-2017,mode_0,0.23458548807351395,-0.3463889154237932,,-0.05736976259784188,0.519810142855053,0.32298405465430424,0.1582999304395058
3384,CEP1717,passenger,2018-2026,mode_0,-0.3270805848954345,0.9469144759632401,1.445245340783011,0.9690013602249724,1.380973752930793,0.8924730071645997,-0.100546858276654
3398,CEP1806,passenger,2018-2026,mode_0,-1.0582018923087586,-0.563741743256976,-0.5758977910257383,1.1298731418107828,0.5419310242488133,-0.5699815692827703,-0.05683302158971877
3399,CEP1807,passenger,2018-2026,mode_0,-0.38480068811227586,-0.26166449915238676,0.3315061943776425,0.5658075096216296,0.624660054487899,-0.6031293084899054,-0.11210620391273071
3400,CEN1801,driver,2018-2026,mode_0,-0.3895917011031124,-0.5510648156927576,,0.05735601802429596,0.3915929251713389,-0.4829344808034796,0.07013434060839681
3401,CEP1805,passenger,2018-2026,mode_0,-0.05772010321684138,-0.26336493708698866,0.5378413553796303,0.8662960852591093,0.6301555452474765,0.13919882676466663,-0.1471468028695646
3420,CEP1803,passenger,2018-2026,mode_0,-0.8658015482526208,-0.3489838852739373,0.6900670979640626,0.4046344281392414,0.4954682686023006,-0.30867412897467633,-0.21814804257189618
3421,CEN1802,driver,2018-2026,mode_0,-0.3160054752052764,0.6197779993969933,,1.1267995627093426,0.5175178548769798,0.33902132484861813,0.6476891721958996
4422,CEP1811,passenger,2018-2026,mode_0,-0.5772010321684138,-0.1129868377628477,0.28118521821067477,0.673446554608109,0.49618965400241094,-0.5298351883600889,-0.1377699338741017
4428,CEP1812,passenger,2018-2026,mode_0,0.05772010321684138,-0.3405053561159229,0.739125260047501,-0.6381446001631342,0.4979106401072677,-0.5594522833954485,-0.18078250930172696
4429,CEP1814,passenger,2018-2026,mode_0,-0.9235216514694621,0.5878618074232232,1.5213582120752274,1.0950679488014825,0.00872451516386771,1.205251360947923,-0.056017054359404045
4430,CEP1813,passenger,2018-2026,mode_0,-1.1544020643368276,0.7396964538556369,0.46046567000388483,-0.11233487874056419,0.5426471038270423,-0.6087425579224763,-0.13014162790708894
5431,CEP1815,passenger,2018-2026,mode_0,-0.846561513847007,-0.5491221242645608,-0.30697711333592326,-0.11120282371105651,0.547094799764326,-0.3002946625830486,0.10641598404717571
5432,CEP1810,passenger,2018-2026,mode_0,-0.25012044727297933,0.18445832304325574,-0.1031675805009939,0.7303875296810332,0.551336176304775,-0.04651131805232303,-0.14065099575912143
5438,CEP1808,passenger,2018-2026,mode_0,-0.9235216514694621,0.21018881581772317,-0.28118521821067477,0.9493212835662473,0.5240747833517198,-0.5520998733862115,-0.12920261557498186
6438,CEN1803,driver,2018-2026,mode_0,-0.11884165143682117,0.3400878831375449,0.9589877756538778,0.9903800489210269,0.4962429679584515,-0.3059761587648252,0.31475914748204464
6443,CEP1817,passenger,2018-2026,mode_0,-0.38480068811227586,-0.12320393938547987,0.8312911141111646,1.139718070603524,0.38083095047989585,1.988705581945697,-0.23544715334263205
6448,CEP1809,passenger,2018-2026,mode_0,-0.7118812730077104,0.765691021166148,1.7251677449101566,1.039694741720948,0.5243956712151003,-0.6176001528087585,-0.08104259101572406
6451,CEP1816,passenger,2018-2026,mode_0,-0.6156811009796415,-0.3912912419703556,-1.5594146477213355,0.07250454472398576,0.5076693111682692,-0.12951848070800437,-0.1277724071591243
6452,CEN1804,driver,2018-2026,mode_0,0.6349211353852552,-0.5069166106233468,0.5868995174630688,0.23534155306239368,0.542302517377947,0.17518463128833162,0.2236644814315314
6464,CEP1818,passenger,2018-2026,mode_0,-0.8658015482526208,0.7130616131513573,-0.41014469383691715,2.1927122719165184,0.6174534282302627,-0.2871229652042552,-0.06846471833401145
6509,CEN1806,driver,2018-2026,mode_0,-0.27957189215999145,-0.193054089558834,0.6520106623179546,0.6819094181719929,0.4899101065641533,-0.12995471576869605,-0.07041661662198632
6510,CEN1808,driver,2018-2026,mode_0,-0.5999244085141637,-0.39762091218158574,-0.7797073238606678,-0.07759186005966542,0.4090760951642105,-0.35905451700989377,0.09946297323274435
6511,CEN1805,driver,2018-2026,mode_0,-0.16244330493641454,-0.2521134545522235,0.9467232351330181,0.11127482326859967,0.5753674066514144,0.14115805620980842,0.7811563265028516
6512,CEN1807,driver,2018-2026,mode_0,-0.24790267366459343,-0.47132999419061467,0.9209313400077697,-0.16946092719563924,0.5119529145289937,-0.37868111528330317,-0.10614744601324264
6518,CEN1809,driver,2018-2026,mode_0,-0.1389133331022921,0.9296093163524991,-1.1898520176975849,-0.5463961325987522,0.40309821885960995,3.6259779651540733,0.7793743110104132
6574,CEN1810,driver,2018-2026,mode_0,-0.38686952295344434,-0.3272092267086451,,-0.3619330220189474,0.5293612763166834,-0.32460548779804815,3.5156005726725286
6582,CEN1811,driver,2018-2026,mode_0,-0.29319273253705097,-0.5126979421176391,0.8448184687155535,0.7410798491226214,0.5120586752682498,0.31718185950598377,-0.2220016823347252
6583,CEN1812,driver,2018-2026,mode_0,-0.4058708207083591,-0.43795863416191577,-0.5243140007752414,-0.12207363699546891,0.49476381507048717,0.21709971674718648,-0.20246875996602565
6584,CEN1814,driver,2018-2026,mode_0,0.21929509806566144,0.4820778646427679,-1.0486280015504827,-0.3418823862437063,0.33776055158137913,2.269001876054821,2.2485392356250156
6585,CEP1819,passenger,2018-2026,mode_0,-0.5579609977628001,0.3549474455147326,-0.6520106623179546,0.10509668662405001,0.39989096065363783,3.492722011033715,-0.10557876042469094
6586,CEP1820,passenger,2018-2026,mode_0,0.17316030965052415,2.7064083867431656,0.0380564356461081,0.6783344403334997,0.2898884461978544,6.219330798728261,0.250626692484514
6604,CEP1827,passenger,2018-2026,mode_0,-1.1544020643368276,0.6740374734326141,-0.3966173392325283,0.48028825342155185,0.43020010896259087,-0.28095170421270155,-0.13942905776713332
6618,CEP1823,passenger,2018-2026,mode_0,-0.5387209633571862,0.945055019138553,0.16575309718882125,0.5218133071225468,0.4994886393337767,0.08079098648900397,0.028690885587665943
6620,CEP1821,passenger,2018-2026,mode_0,-0.654161169790869,0.460642698608148,1.7767515351606535,1.1385244839002056,0.5748093914202462,0.3916671305626686,0.2411872011308917
6624,CEP1824,passenger,2018-2026,mode_0,-0.03848006881122759,1.7969332995689313,0.6900670979640626,0.9110071753912612,0.47464145560052196,1.3963009344932171,0.16362038823668204
6625,CEP1825,passenger,2018-2026,mode_0,-0.8080814450357794,0.8715058968357129,-0.1792804517932101,-0.07085462819746685,0.43658000888591963,1.1168102541331824,-0.10840089036554353
6631,CEP1826,passenger,2018-2026,mode_0,-0.38480068811227586,1.1398775116962792,0.7023316384849223,-0.02827324791534003,0.435164514670355,1.7496721099172108,-0.26863539286181365
6632,CEN1813,driver,2018-2026,mode_0,0.8131956440033024,0.1098427975094328,-1.5323599385125577,-0.11007417824933985,0.46205239259639913,2.5251861217035065,0.3924945779755711
6659,CEP1901,passenger,2018-2026,mode_0,-0.4232807569235035,-0.023427615033304053,1.8799191156616475,-0.34884948137274385,0.5562416705514096,0.5830301909938719,0.2554072890878467
6674,CEN1901,driver,2018-2026,mode_0,-0.25488112629606735,-0.42267747679101314,0.5378413553796303,-0.13494777178157943,0.38225191326045554,0.6167842219630415,-0.010645562512726942
6675,CEP1902,passenger,2018-2026,mode_0,0.0,-0.13200950316780982,0.40761906566985867,1.0230399521270839,0.6068854008527678,0.0693712981702252,-0.1299846029732526
6697,CEN1902,driver,2018-2026,mode_0,-0.015509442632530868,-0.0819310327758218,-0.4862575651291333,-0.05471801900776001,0.4018962096220702,-0.3592331407472091,0.23397010152179082
6698,CEN1903,driver,2018-2026,mode_0,0.31408651439908647,0.039059516142071406,0.7797073238606678,-0.38957153926825866,0.4216960306146878,0.5122568419826212,-0.03019591406048494
6776,CEP1903,passenger,2018-2026,mode_0,-0.4040407225178897,0.33965206537093257,0.3966173392325283,-0.06667296734343785,0.48104044310762134,-0.25517056402185334,-0.043113094105650125
6836,CEN1904,driver,2018-2026,mode_0,-0.05387207175274859,0.39525910716785306,0.5243140007752414,-0.15768327404155938,0.4455600185937051,0.18595686046589513,0.5216434225297983
6844,CEN1905,driver,2018-2026,mode_0,-0.4199002606509762,-0.7579180204543011,-0.9479860492165475,-0.06307330961662373,0.4018107192931758,0.10115682376583343,-0.11579985885122031
6893,CEN1906,driver,2018-2026,mode_0,0.07341496263836292,-0.23672025717896247,-1.6871113092640484,-0.5667062918165073,0.46151519294013826,1.3758254005449924,0.540394383494047
6901,CEN1907,driver,2018-2026,mode_0,-0.278750799376937,-0.4540949271344248,1.0486280015504827,0.3110020114511177,0.3926952256734818,0.4676941161642204,-0.09805218288491216
6911,CEP1904,passenger,2018-2026,mode_0,-0.03848006881122759,-0.5785684376339807,-0.13996120206357274,0.1879747202689693,0.5758991528170943,0.749982146085633,-0.15473540287150853
6934,CEP1905,passenger,2018-2026,mode_0,-5.714290218467297,0.15547680796414262,0.1915449923140697,0.3696890756324729,0.41705871296695757,0.01820215373338263,0.19400811325913375
6988,CEN1908,driver,2018-2026,mode_0,0.8993075474793667,0.9471946181287972,0.7293863476937,-0.10183666272327364,0.4485199130457221,0.014323858967288244,0.22939885320692865
7009,CEN1910,driver,2018-2026,mode_0,-0.556368089983756,-0.7045799832879425,-0.2701834917733444,0.019415905109212317,0.41564255973422415,1.2517725410524068,-0.0069350960718618515
7010,CEN1911,driver,2018-2026,mode_0,-0.5523000821461099,-0.7440425724010025,-0.3708254441072798,0.15622307900419016,0.33034878429796927,0.8945141552876832,-0.144456066274241
7118,CEN2002,driver,2018-2026,mode_0,-0.4177959076387657,-0.18771760124884607,-0.7171218071728404,-0.6295029238492802,0.35587855979693883,-0.8194366531292578,0.3336509083612952
7119,CEN2003,driver,2018-2026,mode_0,-0.18294531887569865,-0.5556007283040759,0.30697711333592326,0.16150949176980342,0.5850274025512104,-0.23828443377836478,0.6202260902555035
7138,CEN1909,driver,2018-2026,mode_0,0.05132258179013832,-0.2764902203142516,0.5243140007752414,-0.03473905060970656,0.4834917434660471,-0.20885912605784035,0.41262596199376905
7139,CEN2001,driver,2018-2026,mode_0,0.7007202606891711,-0.36970676328421276,0.5243140007752414,0.17455213087572466,0.3981746044759394,0.06295403170525998,0.07146548419104369
7168,CEN2005,driver,2018-2026,mode_0,-0.14887720934864798,-0.23704452776145457,0.5758977910257383,0.7400647562621272,0.33639268670941147,2.641769844418068,-0.00847590261771837
7171,CEN2004,driver,2018-2026,mode_0,-0.2893433007283436,-0.2051736357340814,-1.7877532615979839,0.3267789550334645,0.48912967023255094,0.12764835446698533,0.12953234792549945
7182,CEN2006,driver,2018-2026,mode_0,0.5541247363141604,0.169799249881483,0.23086424204370704,-0.15038806548025577,0.03993754796534764,-0.06152036381144625,0.029755629189120364
7202,CEN2007,driver,2018-2026,mode_0,-0.4791128742518437,-0.47687904380917745,-0.8177637595067757,-0.43761409726799017,0.5968317776249785,-0.16416317327574234,0.04415754676891792
7253,CEN2009,driver,2018-2026,mode_0,-0.23461784900748223,-0.24541665306062196,-0.5501058959004899,0.11790905055599045,0.5453664751090103,-0.09786191519625953,1.3817541637216595
7254,CEN2008,driver,2018-2026,mode_0,-0.4024126776986181,0.22139007985904122,-0.7932346784650566,0.217170617353724,0.5172960981224354,0.4404654477913663,0.10560955841776908
7305,CEN2101,driver,2018-2026,mode_0,-0.29956129575765006,0.18765688209476974,0.20507234691845858,0.6097891239868782,0.637691673375986,0.12908596699417432,0.4725346501865205
7328,CEN2102,driver,2018-2026,mode_0,-0.4085425042685181,-0.5273508560282723,0.47273021052474445,-0.09884655042195728,0.5701276454879317,2.6610490063597956,0.0012687640479011678
7331,CEN2103,driver,2018-2026,mode_0,-0.3619765578236634,-0.5435530233504021,0.9454604210494889,-0.525994542351152,0.6924761534048899,-0.40718324591608357,0.0272191973144588
7376,CEP2101,passenger,2018-2026,mode_0,-0.8273214794413931,-0.5168924530473543,0.0,-0.14190471793403048,0.6603802234866857,-0.41013514482312896,-0.247197669512539
7394,CEP2102,passenger,2018-2026,mode_0,-1.5392027524491034,-0.270645207309737,0.141224016147102,-0.1395789167476315,0.5081608601711695,-0.7472720068149811,-0.22620758105774227
7395,CEP2103,passenger,2018-2026,mode_0,-0.19240034405613793,0.8669841108076987,0.7674427833398081,1.5119388768452249,0.6187975483992566,0.7961873662190448,-0.24174253615055796
7417,CEN2105,driver,2018-2026,mode_0,-0.240356411361386,-0.46236690401547803,0.9086667994869101,0.47129721993049734,0.3519611821658705,1.6997331946124046,-0.16297313285088996
7419,CEN2104,driver,2018-2026,mode_0,-0.4575467289850369,-0.45641897261589043,-0.20380953283492934,0.2295720924346532,0.5174611365732942,0.16498387654778754,-0.09156194162263652
7451,CEN2106,driver,2018-2026,mode_0,-0.30073281600613483,-0.4043374764000028,0.5378413553796303,-0.2182410609826345,0.3824927621785067,-0.19427822803040923,4.228358092968643
7456,CEN2107,driver,2018-2026,mode_0,0.43242656198385454,0.2618681911979313,0.5758977910257383,0.23339350260232553,0.5405682743749621,0.20472738905557708,0.3074716523218396
7492,CEN2108,driver,2018-2026,mode_0,-0.620880332405221,-0.6884349534665217,-0.8693475497572727,-0.7736922889758584,0.6659669674904947,0.6548309375598128,-0.21994516504678194
7530,CEN2201,driver,2018-2026,mode_0,0.15923043395934058,0.054876928266480586,-0.8693475497572727,-0.024825700129592794,0.5352343575315569,-0.32895787318401476,0.42299320744075286
7531,CEN2202,driver,2018-2026,mode_0,-0.2837779794341927,-0.545805419989481,0.19028217823054044,-0.2558071254866246,0.3047132042443672,0.48950064823344547,0.04962383496244953
7533,CEN2203,driver,2018-2026,mode_0,0.07328874994597963,0.27079991563078804,1.2253828251766345,0.5020709542574414,0.5363717001724085,1.5501968618390531,0.045595710649243296
7534,CEN2204,driver,2018-2026,mode_0,-0.06092995259686559,1.2219325084577404,0.6139542266718465,0.47477553355314994,0.5260324146345261,-0.2664866940082293,1.1738302818497752
7535,CEN2205,driver,2018-2026,mode_0,-0.09045823152927088,-0.39559225294851136,-0.08964022589660504,0.23641175751094476,0.46851358694920014,-0.15133035892860125,-0.08361030147304999
7555,CEP2201,passenger,2018-2026,mode_0,-0.09620017202806896,-0.4400013778186332,0.1522257425844324,0.5472903069805086,0.6198037742141037,-0.34452218739408147,-0.04572880762255104
7616,CEP2202,passenger,2018-2026,mode_0,0.0,1.1148124566470592,1.035100646946094,0.3856882785196298,0.5640327545586014,1.0932217559056792,-0.22989091752585963
7690,CEN2206,driver,2018-2026,mode_0,-0.19103739992641944,-0.6668789743561061,-0.3830899846281394,0.5492976762801853,0.5135340543311393,-0.2487481159632554,-0.12436694325599851
7739,CEN2207,driver,2018-2026,mode_0,0.20782946183816614,-0.1031053692641883,1.2782294295106607,0.25576605121955986,0.3779788439167777,-0.2569728087365498,0.04393779829028358
7742,CEN2208,driver,2018-2026,mode_0,-0.12449600708857296,-0.3585283205154495,0.7035944525684514,-0.4024045997873044,0.4652895610736438,0.9228435005483857,0.033054216336882894
7744,CEN2209,driver,2018-2026,mode_0,-0.41196888838292606,-0.4946392013917158,-0.1522257425844324,0.28875251290829507,0.34772978442568275,0.47385180215102646,-0.1765542681068468
7745,CEN2210,driver,2018-2026,mode_0,-0.44729644677067226,-0.48105942815558866,0.11543212102185352,0.34842407684002163,0.48425865966316917,0.03211737925507349,-0.12534040595023124
7805,CEN2301,driver,2018-2026,mode_0,-0.36441005760581846,-0.68596474413373,-0.23086424204370704,0.06706398386669989,0.4719238608587841,2.314344978667777,-0.0696763493688259
7961,CEP2301,passenger,2018-2026,mode_0,-0.7696013762245517,-0.5326931188310261,-1.0621553561548716,0.44997037055708944,0.3454522376695106,1.074806924999493,-0.34960473045416357
7984,CEN2302,driver,2018-2026,mode_0,-0.1583579863321774,-0.5608455164760814,-0.26892067768981515,-0.20042360997593042,0.47089864795730196,-0.3645404544939451,-0.0515599065756191
8007,CEN2305,driver,2018-2026,mode_0,-0.18515876853539062,-0.47775136453982725,0.3830899846281394,0.058954525277995225,0.18979959974434543,-0.2237048374073862,0.04687157797973753
8008,CEN2306,driver,2018-2026,mode_0,-0.34997862722852197,-0.5915171974328793,-0.4862575651291333,-0.21006991126654617,0.16631972034690326,-0.3741864824972264,0.15569618393283027
8009,CEN2303,driver,2018-2026,mode_0,0.23871161884534714,0.24966562770368073,0.4482011294830252,0.2367034713587403,0.1893599961183306,0.31795073297268645,0.33355090247171004
8011,CEN2304,driver,2018-2026,mode_0,-0.04485882996078474,-0.3859029637343898,1.086684437196591,-0.24421935327526742,0.13928723015844818,0.4503596883844427,-0.16352377297994344
8034,CEN2307,driver,2018-2026,mode_0,-0.35295166859218685,-0.6946210374241981,0.3315061943776425,0.36673909139056404,0.13666658833903475,0.44486083752023536,-0.008374909323391175
8039,CEN2308,driver,2018-2026,mode_0,-0.325797044395389,0.32948937936684713,0.5243140007752414,0.2881795530964364,0.11657896587173427,0.6252572891050349,0.09020909953162685
8057,CEP2302,passenger,2018-2026,mode_0,0.11544020643368276,-0.49759731885614916,-1.1124763323218394,0.10886671409449815,0.07056931901821584,0.5543773925339155,0.01746887541285723
8228,CEN2401,driver,2018-2026,mode_0,0.18310655594809422,0.1570715537012231,0.06258551668782736,1.2693259138148503,0.21091459435285206,0.11971943758561387,0.22549654155373183
8229,CEN2402,driver,2018-2026,,1.8720691517835384,1.2029392083348462,1.4833017764291192,0.9311543159287698,,,0.12394745340358791
8230,CEN2403,driver,2018-2026,mode_0,0.3114533706070192,0.15546206208361707,0.2553933230854263,0.46207616371903093,0.257642198200075,5.556352447161243,0.02254103036431219
8232,CEP2401,passenger,2018-2026,mode_0,-0.46176082573473104,0.87327038534315,1.162797308488807,0.6191538604062847,0.16758860970066752,0.08906996782572404,-0.10126312476515419
8233,CEP2402,passenger,2018-2026,mode_0,-1.1544020643368276,1.178472935274234,0.30697711333592326,0.21012129396377047,0.17455764796990908,4.341084887583607,-0.14866415501702926
8281,CEN2404,driver,2018-2026,mode_0,-0.37287700152648395,-0.39704135794189394,1.0486280015504827,0.2146495140818011,0.3537731456516489,-0.18095613952523976,0.011604398739255464
8353,CEN2405,driver,2018-2026,mode_0,-0.528887672578938,-0.6448867386907722,0.20507234691845858,-0.4441250220274002,0.5426954703624833,-0.2963594905902006,-0.1399821312848737
8369,CEN2406,driver,2018-2026,mode_0,-0.39582553844908047,-0.5682797352637583,0.1792804517932101,-1.0083206917289265,0.5140938604667924,-0.5696290143542382,-0.1506451547141412
8371,CEP2403,passenger,2018-2026,mode_0,-0.38480068811227586,-0.3430945514733012,-0.30697711333592326,0.04771999858824416,0.49383695585703197,-0.38940761121551065,-0.2804475629952264
8373,CEP2404,passenger,2018-2026,mode_0,-0.2886005160842069,-0.13861675520116634,-0.013527354604388864,-0.26395781779596705,0.546998280443554,-0.5668220395067478,-0.1932253939952628
8427,CEN2407,driver,2018-2026,mode_0,-0.1836056537101425,-0.6439053943438421,0.42114642027424753,-0.5287148227797949,0.4434053730703332,-0.5548752086562528,-0.10859837127905031
8606,CEN2501,driver,2018-2026,mode_0,-0.4130377981999575,-0.5643831881802065,-0.5758977910257383,0.6348900619019224,0.4431710299177867,0.012263170738715764,0.03931996614199132
8607,CEN2502,driver,2018-2026,mode_0,0.00040237156549399744,0.21992956422938117,-0.11543212102185352,0.38296815754455976,0.4185509873487566,0.43284115748956586,-0.20941631100927058
8608,CEN2503,driver,2018-2026,mode_0,-0.4218625151317969,-0.5927277651097995,2.2469561175183395,-0.2840598362684323,0.42295802875475397,-0.7847144155845829,-0.17227423970755162
8629,CEP2502,passenger,2018-2026,mode_0,-1.1736420987424414,-0.4627770462132544,0.30697711333592326,-0.0667518126121584,0.37965765095727433,-0.1041896842615779,-0.34306018587610937
8630,CEP2501,passenger,2018-2026,mode_0,-0.2693604816785931,-0.48234193324367597,0.0761128712922162,-0.17904553735887135,0.3983126310043838,0.1717719498467779,-0.1657888340826985
